filepath,label,split_name
images/5685_371239549_0626a41ef1_m.jpg,"['animal', 'cat']",asl_adv
images/263482_2283460266_f3d9944679_m.jpg,['person'],asl_adv
images/118244_2266266909_5916fccb60_m.jpg,['person'],asl_adv
images/136379_2165719093_16122edc0b_m.jpg,['person'],asl_adv
images/155079_979424381_eb9f2625c6_m.jpg,['person'],asl_adv
images/94988_2396805483_f232e440bf_m.jpg,['person'],asl_adv
images/23678_523472792_f23a6f5202_m.jpg,['person'],asl_adv
images/196476_28604246_e61c6bdcad_m.jpg,['person'],asl_adv
images/192508_309037486_579e76e84a_m.jpg,['person'],asl_adv
images/115949_154704600_86a9df108e_m.jpg,['animal'],asl_adv
images/47592_163522896_bfe8d8a03c_m.jpg,['person'],asl_adv
images/16401_997490561_be7be3be6c_m.jpg,['food'],asl_adv
images/132255_408229362_9fa17fb784_m.jpg,"['animal', 'cat']",asl_adv
images/165704_466689918_c23a5461c5_m.jpg,['food'],asl_adv
images/82441_2142974333_9d2da70549_m.jpg,"['animal', 'dog']",asl_adv
images/196574_495236299_0f8aaa9dd4_m.jpg,"['animal', 'birds']",asl_adv
images/47385_362868947_4af326cb7f_m.jpg,['person'],asl_adv
images/76556_62366367_1ea3735967_m.jpg,['person'],asl_adv
images/81_303143923_b6d36c6237_m.jpg,['person'],asl_adv
images/234082_357240329_6a8e1a4a31_m.jpg,"['animal', 'birds', 'clouds', 'sky']",asl_adv
images/170181_1024693173_fed6051725_m.jpg,"['animal', 'dog']",asl_adv
images/57477_1201716052_8214db3bc9_m.jpg,"['animal', 'cat']",asl_adv
images/123859_2639573719_d41546e486_m.jpg,"['animal', 'fox', 'grass']",asl_adv
images/178018_121383346_a9cb38a119_m.jpg,['person'],asl_adv
images/101587_2125353421_b5ee7d4053_m.jpg,"['animal', 'bear', 'grass']",asl_adv
images/96215_2203863722_43bb2e4990_m.jpg,"['animal', 'horses']",asl_adv
images/214738_169436336_9b4e5e2799_m.jpg,['person'],asl_adv
images/116795_1543198446_3a4b3d6918_m.jpg,"['animal', 'cat']",asl_adv
images/164123_112843437_119bed5b2f_m.jpg,['person'],asl_adv
images/132248_2578401101_cafd273265_m.jpg,"['animal', 'cat']",asl_adv
images/64933_151692033_fd7f4f9abe_m.jpg,['animal'],asl_adv
images/238720_567758249_cb8dfff413_m.jpg,['person'],asl_adv
images/248457_114316968_b656f33935_m.jpg,['person'],asl_adv
images/63387_23514652_00ed73a517_m.jpg,['person'],asl_adv
images/77501_1434874329_33dc73d598_m.jpg,['animal'],asl_adv
images/74643_159884018_2f31818e70_m.jpg,['person'],asl_adv
images/208792_2705388237_999dc373bc_m.jpg,"['person', 'wedding']",asl_adv
images/121517_1286000685_3ea3faef73_m.jpg,['person'],asl_adv
images/108565_473473695_473f6aaa02_m.jpg,['person'],asl_adv
images/84571_265747937_a9de4d528a_m.jpg,"['food', 'toy']",asl_adv
images/252371_1055416_0e0f123e25_m.jpg,['person'],asl_adv
images/207271_776967090_ac81d4d2b8_m.jpg,['person'],asl_adv
images/91019_458952221_53854d526f_m.jpg,['person'],asl_adv
images/192461_2168075796_09f22e570f_m.jpg,['person'],asl_adv
images/188539_281641858_1539fb72a2_m.jpg,['person'],asl_adv
images/235691_2707813424_8fd57f0f6b_m.jpg,"['animal', 'zebra']",asl_adv
images/161200_79134252_2576ec34ae_m.jpg,"['animal', 'bear']",asl_adv
images/216393_873187112_73ce3583fe_m.jpg,['person'],asl_adv
images/198983_2484888905_8f13bc5770_m.jpg,['animal'],asl_adv
images/256732_2187224461_527042743f_m.jpg,['person'],asl_adv
images/37013_867418367_867403b7e0_m.jpg,"['animal', 'birds']",asl_adv
images/142478_2233350106_aac2d30a9d_m.jpg,['food'],asl_adv
images/234107_551738791_941becbb57_m.jpg,['animal'],asl_adv
images/188331_373308002_b60e08a2b4_m.jpg,['person'],asl_adv
images/92075_414558132_c1d53ddda0_m.jpg,"['animal', 'fox']",asl_adv
images/95791_118488974_7db5c53610_m.jpg,"['flowers', 'plants']",asl_adv
images/2663_1394663624_561db1356c_m.jpg,['person'],asl_adv
images/105903_219156366_052303813b_m.jpg,['person'],asl_adv
images/57699_2088213255_17ecab9445_m.jpg,"['animal', 'cat']",asl_adv
images/181825_525235416_03fc236700_m.jpg,['animal'],asl_adv
images/119838_2547855282_b2fe9acefa_m.jpg,['person'],asl_adv
images/1981_2839740_d70e4d7742_m.jpg,['person'],asl_adv
images/56650_1318112822_a46c72a8a0_m.jpg,['person'],asl_adv
images/22524_2437482631_bfe4356162_m.jpg,['person'],asl_adv
images/216188_2535385577_1e2e623cc1_m.jpg,['person'],asl_adv
images/157777_407631468_b7274ddb61_m.jpg,['person'],asl_adv
images/45875_2583844836_19f5b05519_m.jpg,['person'],asl_adv
images/47530_2294559765_784e2aa9db_m.jpg,['person'],asl_adv
images/130478_494118044_a0439df4c9_m.jpg,['animal'],asl_adv
images/55215_435468849_82bc355243_m.jpg,['person'],asl_adv
images/81773_138261487_ae1e38464a_m.jpg,['person'],asl_adv
images/47047_499029357_69370f64f8_m.jpg,['food'],asl_adv
images/266881_5643621_868cdbea29_m.jpg,['person'],asl_adv
images/119512_2693243786_3781e47532_m.jpg,['person'],asl_adv
images/52514_2221418143_b643dbc683_m.jpg,['person'],asl_adv
images/41886_2108985072_5c50b827ec_m.jpg,"['animal', 'cat']",asl_adv
images/119319_1852157114_cde0f404ed_m.jpg,['person'],asl_adv
images/131015_122722693_27ab98bde3_m.jpg,['animal'],asl_adv
images/98202_412614283_3f889fcfca_m.jpg,"['animal', 'dog']",asl_adv
images/248492_2457163355_db5f64db12_m.jpg,['person'],asl_adv
images/208829_163150955_e6a648461c_m.jpg,['person'],asl_adv
images/266307_747046609_87d59f2453_m.jpg,['person'],asl_adv
images/251986_2200492736_71fa6373ff_m.jpg,['person'],asl_adv
images/134518_714899890_07982d42b2_m.jpg,['person'],asl_adv
images/122772_763585458_06b9e9e9f7_m.jpg,['person'],asl_adv
images/179413_200212043_ef554f3131_m.jpg,['food'],asl_adv
images/70801_110025758_b400894ca3_m.jpg,"['animal', 'dog']",asl_adv
images/75797_2380352291_c84d2cd579_m.jpg,"['animal', 'birds']",asl_adv
images/155106_2248127493_ccab11e60c_m.jpg,['person'],asl_adv
images/251762_183059343_7c53cc8861_m.jpg,['person'],asl_adv
images/157344_2307707778_4855dcedfe_m.jpg,"['animal', 'cat', 'window']",asl_adv
images/158158_376416689_6568b50b42_m.jpg,"['flowers', 'plants']",asl_adv
images/164194_4631530_c9c3edfeed_m.jpg,['person'],asl_adv
images/154799_2322430636_a83a97afcd_m.jpg,['person'],asl_adv
images/130221_2187823568_12a56928f6_m.jpg,"['flowers', 'plants']",asl_adv
images/179463_50188392_de3b0078fa_m.jpg,['food'],asl_adv
images/239309_2053431698_248d7e7940_m.jpg,['person'],asl_adv
images/210934_2240644921_54c70ff192_m.jpg,['person'],asl_adv
images/75857_214363343_126928340e_m.jpg,"['animal', 'birds']",asl_adv
images/5975_329529103_cd3cc7f973_m.jpg,['animal'],asl_adv
images/88046_1408600322_79a4bc61ea_m.jpg,['animal'],asl_adv
images/127692_50209004_d912776922_m.jpg,"['flowers', 'plants']",asl_adv
images/47638_1810387872_5f337d7b6b_m.jpg,"['flowers', 'plants']",asl_adv
images/122806_165935427_48e1e202f3_m.jpg,['person'],asl_adv
images/117753_2244828352_0a3e747dd8_m.jpg,['animal'],asl_adv
images/226288_1578566917_613cdb9538_m.jpg,['food'],asl_adv
images/181605_2144691330_88548a52d5_m.jpg,['animal'],asl_adv
images/42570_174673572_4dcd362d27_m.jpg,"['animal', 'cat']",asl_adv
images/241218_69159884_54382cc7b7_m.jpg,['person'],asl_adv
images/162418_371245143_a2484c7ff3_m.jpg,['person'],asl_adv
images/251869_2193451987_ae93a98c49_m.jpg,['person'],asl_adv
images/181731_1352031610_bcdb7796b9_m.jpg,['animal'],asl_adv
images/98329_2698946246_4a7beb0573_m.jpg,['person'],asl_adv
images/177152_2054093763_b684ded7d6_m.jpg,"['grass', 'person']",asl_adv
images/260180_493656895_fcc2553013_m.jpg,['person'],asl_adv
images/60591_436105910_4bccf4592d_m.jpg,"['animal', 'person']",asl_adv
images/176631_14776516_7c9b2421d7_m.jpg,['person'],asl_adv
images/136235_457183666_466c373587_m.jpg,['person'],asl_adv
images/36892_399931542_11af77f467_m.jpg,['person'],asl_adv
images/227885_2451993073_febbec56d6_m.jpg,['person'],asl_adv
images/65175_219164732_e6ec97bf95_m.jpg,['person'],asl_adv
images/14906_1401069391_6af114d665_m.jpg,['person'],asl_adv
images/76060_2521767229_0da032102a_m.jpg,"['animal', 'birds']",asl_adv
images/176469_332917830_ebb7d41308_m.jpg,['person'],asl_adv
images/260215_2219879345_167f40b17a_m.jpg,['person'],asl_adv
images/247380_2140230563_e9f127e9a8_m.jpg,['person'],asl_adv
images/137960_1981445880_dfb57728e2_m.jpg,['person'],asl_adv
images/158393_2156669229_5ba187e8f4_m.jpg,['person'],asl_adv
images/267347_810557163_51058ef3be_m.jpg,"['flowers', 'plants']",asl_adv
images/119342_2545250357_2effe2c953_m.jpg,['person'],asl_adv
images/58627_1024633264_fe0fb8ed6b_m.jpg,"['clouds', 'sky', 'tower']",asl_adv
images/132152_2738004302_6130814762_m.jpg,['animal'],asl_adv
images/214553_1201551983_bfc2dad1c0_m.jpg,['person'],asl_adv
images/138148_2330103885_506a0c128b_m.jpg,['person'],asl_adv
images/77442_1938848968_2446dbe719_m.jpg,['person'],asl_adv
images/55243_2281928997_c2edb6e1c5_m.jpg,['person'],asl_adv
images/14412_173771705_5a65a78af7_m.jpg,['person'],asl_adv
images/57579_375315343_b52fba5c79_m.jpg,"['animal', 'cat']",asl_adv
images/188863_2493529800_6c058cc9ca_m.jpg,['person'],asl_adv
images/219243_11041901_3a196ccf7f_m.jpg,['animal'],asl_adv
images/7364_19304808_41e7ac5083_m.jpg,['animal'],asl_adv
images/13705_2104199852_c6c09eb765_m.jpg,['person'],asl_adv
images/21657_2600375108_2cf06e85b6_m.jpg,"['animal', 'bear']",asl_adv
images/102308_478648812_280bc8a85d_m.jpg,"['flowers', 'plants']",asl_adv
images/240214_2423671415_de43b2e335_m.jpg,"['person', 'police']",asl_adv
images/178058_326491892_c0264b6f81_m.jpg,['person'],asl_adv
images/267488_811442388_62f8ca3b5e_m.jpg,"['flowers', 'plants']",asl_adv
images/22085_378394442_ed58b372d3_m.jpg,['person'],asl_adv
images/141431_215861775_67bd8788dd_m.jpg,"['animal', 'grass']",asl_adv
images/2208_2575306293_d610ac790e_m.jpg,['person'],asl_adv
images/184651_400493445_0b939223e5_m.jpg,['person'],asl_adv
images/13193_317648659_fc55c35e56_m.jpg,['person'],asl_adv
images/266085_2519857807_c7e5591f9a_m.jpg,['person'],asl_adv
images/22221_235455780_65fddd270e_m.jpg,"['animal', 'dog', 'person']",asl_adv
images/161335_2413526088_ce55b0e51f_m.jpg,"['animal', 'bear', 'water']",asl_adv
images/119426_2506521837_dca3e4e8d0_m.jpg,['person'],asl_adv
images/63482_2018812296_1678988964_m.jpg,"['animal', 'cat']",asl_adv
images/260273_2454271373_16aca01d05_m.jpg,['person'],asl_adv
images/268371_2309478973_150ef835c1_m.jpg,['person'],asl_adv
images/140197_1520095600_6684d511d3_m.jpg,['person'],asl_adv
images/25228_276615067_8be35ec3dc_m.jpg,"['animal', 'birds']",asl_adv
images/23934_929409016_dbe361df75_m.jpg,['person'],asl_adv
images/57553_149971543_39a3a81e94_m.jpg,"['animal', 'cat']",asl_adv
images/6680_2268505377_03b98bc690_m.jpg,"['animal', 'grass', 'tiger']",asl_adv
images/256810_97599821_4516be90da_m.jpg,['person'],asl_adv
images/208543_2159112957_541e42f335_m.jpg,['person'],asl_adv
images/178454_753917729_fbf79c58a2_m.jpg,['animal'],asl_adv
images/117732_1498906651_3b923359fd_m.jpg,"['animal', 'grass']",asl_adv
images/28499_2312755168_1f7c201cee_m.jpg,"['animal', 'birds']",asl_adv
images/131088_486182090_8681d31b6a_m.jpg,['animal'],asl_adv
images/41903_945851726_7ca8e97b10_m.jpg,"['animal', 'tiger']",asl_adv
images/260183_2220673340_38f516397f_m.jpg,['person'],asl_adv
images/63592_166239796_d95a6f8a43_m.jpg,['person'],asl_adv
images/22052_2311656699_996c91389f_m.jpg,['person'],asl_adv
images/39582_2687742962_dddd01c665_m.jpg,['person'],asl_adv
images/95756_531708112_cb974623d4_m.jpg,"['flowers', 'leaf', 'plants']",asl_adv
images/74322_2324131555_2d551a595a_m.jpg,['person'],asl_adv
images/209123_2070985460_30bf703fcb_m.jpg,['person'],asl_adv
images/2639_1394645970_888d6d3703_m.jpg,['person'],asl_adv
images/100750_2304659406_0c1e6807ea_m.jpg,"['flowers', 'plants']",asl_adv
images/100646_2327614073_5fb760ac70_m.jpg,"['flowers', 'plants']",asl_adv
images/15357_1703169419_2fca750bdf_m.jpg,"['clouds', 'sky']",asl_adv
images/67227_29037948_eab29d1c12_m.jpg,['person'],asl_adv
images/39552_1096618127_4fe137e62d_m.jpg,['person'],asl_adv
images/188801_2323033896_5467b455da_m.jpg,['person'],asl_adv
images/2504_472924368_a9aa4052e4_m.jpg,"['person', 'police']",asl_adv
images/205283_1031089082_3a13925399_m.jpg,"['animal', 'dog', 'grass']",asl_adv
images/174092_385233363_02911cbdfd_m.jpg,['person'],asl_adv
images/42577_67311680_54fd062aeb_m.jpg,"['animal', 'cat']",asl_adv
images/116636_1328493661_76b8aa35b8_m.jpg,['animal'],asl_adv
images/25137_457579797_5336700c9f_m.jpg,"['animal', 'birds']",asl_adv
images/196562_1297949512_b74a4696af_m.jpg,['person'],asl_adv
images/64822_488082671_a73f510781_m.jpg,['person'],asl_adv
images/247439_2562627816_7ed0be4fde_m.jpg,['person'],asl_adv
images/116448_1394889114_f1aa7a5a76_m.jpg,['person'],asl_adv
images/28848_311566412_a7a7f9a590_m.jpg,"['animal', 'birds']",asl_adv
images/81345_185133107_0964c43281_m.jpg,['person'],asl_adv
images/65350_979972422_fd39bfcf42_m.jpg,['person'],asl_adv
images/55188_837589523_3564154261_m.jpg,['person'],asl_adv
images/25428_218430927_04ce8c744a_m.jpg,"['dancing', 'person', 'wedding']",asl_adv
images/217015_2261509911_46178e6cf9_m.jpg,['person'],asl_adv
images/260196_2219881303_1294b4f21b_m.jpg,['person'],asl_adv
images/1635_157902547_1c81cad7fd_m.jpg,['animal'],asl_adv
images/57300_458312993_115718ac61_m.jpg,"['animal', 'cat']",asl_adv
images/131094_271479344_5ffdc9f926_m.jpg,['animal'],asl_adv
images/181542_1642453504_75ff669724_m.jpg,['animal'],asl_adv
images/128695_2186638651_f9518eb5d7_m.jpg,['person'],asl_adv
images/156745_226595889_1aa9486610_m.jpg,['person'],asl_adv
images/114923_522364927_e1a8218d49_m.jpg,['person'],asl_adv
images/97214_457444623_37c26b6526_m.jpg,['person'],asl_adv
images/88897_2411117633_9c4f01b4a1_m.jpg,['person'],asl_adv
images/107070_763609515_7170d0a375_m.jpg,['person'],asl_adv
images/98416_218536388_8519d797dc_m.jpg,"['grass', 'person']",asl_adv
images/235859_2431170929_f678b11cfe_m.jpg,['animal'],asl_adv
images/170079_486816613_e8f9e36429_m.jpg,"['animal', 'dog']",asl_adv
images/117701_2436446617_da8e469b20_m.jpg,['animal'],asl_adv
images/88318_1802479643_6724ec457a_m.jpg,['animal'],asl_adv
images/123753_231890660_b52901ed54_m.jpg,['person'],asl_adv
images/19147_2172800300_d58bf4e388_m.jpg,['person'],asl_adv
images/109952_130364345_48f9f2054a_m.jpg,['person'],asl_adv
images/132412_829591432_26caf26c9f_m.jpg,"['animal', 'cat']",asl_adv
images/156705_1370596066_c008b59674_m.jpg,['person'],asl_adv
images/105780_529101675_7ee387e3dd_m.jpg,['person'],asl_adv
images/130136_2508810243_62f1edb0ee_m.jpg,"['flowers', 'plants']",asl_adv
images/76677_305189560_6c6633c9a4_m.jpg,"['animal', 'clouds', 'grass', 'sky']",asl_adv
images/177156_1230114498_b23c0bfb6a_m.jpg,['person'],asl_adv
images/74324_159250195_ea11001716_m.jpg,['person'],asl_adv
images/217649_2137876784_16b6480b49_m.jpg,"['animal', 'grass', 'tiger']",asl_adv
images/138153_2409399485_bdeeb46acf_m.jpg,['person'],asl_adv
images/60589_2560436119_109b18c205_m.jpg,"['animal', 'clouds', 'sky']",asl_adv
images/19132_2673363229_034dcdb9bd_m.jpg,['person'],asl_adv
images/256773_2533833932_6f36345898_m.jpg,['person'],asl_adv
images/22265_2294166794_c279654d33_m.jpg,['person'],asl_adv
images/184664_458487196_b9b407ab9c_m.jpg,['person'],asl_adv
images/28982_276795674_e1e42b000a_m.jpg,"['person', 'wedding']",asl_adv
images/53256_464269042_eaa2cc5bf2_m.jpg,['person'],asl_adv
images/99890_209889059_fb5d83fe7d_m.jpg,['person'],asl_adv
images/184288_316554401_723ed4e274_m.jpg,['person'],asl_adv
images/97288_2219880142_65f0ecd401_m.jpg,['person'],asl_adv
images/126571_260175013_bf6e017637_m.jpg,"['animal', 'cat']",asl_adv
images/184258_1324447122_20c4400b5b_m.jpg,['person'],asl_adv
images/151170_2439502757_005925dc81_m.jpg,['person'],asl_adv
images/217892_2454976114_6a3a56a1dd_m.jpg,"['animal', 'tiger']",asl_adv
images/235618_1968515467_54751342c6_m.jpg,"['animal', 'cat']",asl_adv
images/76133_2384821524_d7c92ffb1c_m.jpg,"['animal', 'birds']",asl_adv
images/398_1426955461_e8ce1b3c04_m.jpg,['person'],asl_adv
images/29272_277488529_056039b4be_m.jpg,"['person', 'wedding']",asl_adv
images/128051_253794035_9d5ed2603b_m.jpg,['person'],asl_adv
images/49094_284457743_c79601257e_m.jpg,"['person', 'window']",asl_adv
images/42024_2041699902_028ed0a05c_m.jpg,"['animal', 'cat']",asl_adv
images/14008_107660443_3921978d1b_m.jpg,['person'],asl_adv
images/219226_13059223_01c86bd149_m.jpg,['animal'],asl_adv
images/86040_2132544968_4355438d49_m.jpg,"['clouds', 'sky']",asl_adv
images/61982_428491905_b5b9f0badf_m.jpg,['person'],asl_adv
images/41952_360061011_d68018a94d_m.jpg,"['animal', 'cat']",asl_adv
images/232107_2217949943_63a7c7a9eb_m.jpg,['person'],asl_adv
images/124357_1174274976_bc8c1b684b_m.jpg,['person'],asl_adv
images/196168_14610664_d9eb39bdfc_m.jpg,"['animal', 'birds']",asl_adv
images/61993_70849603_ac41250730_m.jpg,['person'],asl_adv
images/55109_435906689_992bde148b_m.jpg,['person'],asl_adv
images/131146_2426158163_83e5571e09_m.jpg,['animal'],asl_adv
images/97221_2446042779_1864a92f28_m.jpg,['person'],asl_adv
images/209331_2194786165_dc04d2d882_m.jpg,['person'],asl_adv
images/117792_49273542_a851c4f6ba_m.jpg,['animal'],asl_adv
images/202973_27207852_e6f5b969bf_m.jpg,['person'],asl_adv
images/214132_734880863_22ae286ebf_m.jpg,['person'],asl_adv
images/234722_504258852_f260357db0_m.jpg,['person'],asl_adv
images/242920_270864611_09e32ddedc_m.jpg,['person'],asl_adv
images/124074_929768094_1a299514b7_m.jpg,"['animal', 'cat']",asl_adv
images/251374_938475180_50ed590f7e_m.jpg,['person'],asl_adv
images/35892_654534142_e243c4e44a_m.jpg,"['animal', 'grass']",asl_adv
images/132341_2281671763_3ccfbfd31c_m.jpg,"['animal', 'cat']",asl_adv
images/45441_2622203130_e3cbdbfe7c_m.jpg,"['person', 'window']",asl_adv
images/22063_70728901_fcc3e066d9_m.jpg,['person'],asl_adv
images/130041_2555823028_770e4b188b_m.jpg,"['flowers', 'plants']",asl_adv
images/593_1465763835_ac7cdc7171_m.jpg,['person'],asl_adv
images/2195_2140046547_4e6e596560_m.jpg,['person'],asl_adv
images/50779_21016517_c8fc22ff92_m.jpg,['animal'],asl_adv
images/13089_19878811_8d539c9cd1_m.jpg,['animal'],asl_adv
images/337_76767092_9eecac5dac_m.jpg,['person'],asl_adv
images/47128_81876217_17d27dcdc1_m.jpg,['food'],asl_adv
images/5995_229987219_8071dcf7cb_m.jpg,"['animal', 'dog']",asl_adv
images/153763_2723249238_a558863f19_m.jpg,['person'],asl_adv
images/22523_2320142585_11ca483017_m.jpg,['person'],asl_adv
images/49272_190405122_af9f9bc7c3_m.jpg,['person'],asl_adv
images/49447_2051326886_589c477569_m.jpg,['person'],asl_adv
images/207283_134623529_27611dc3dc_m.jpg,['person'],asl_adv
images/144880_213998418_0343d1f027_m.jpg,"['person', 'wedding']",asl_adv
images/80433_2560260351_f360160bd9_m.jpg,['person'],asl_adv
images/176687_411097658_57d0433926_m.jpg,['person'],asl_adv
images/260280_2750422371_af4c62994e_m.jpg,['person'],asl_adv
images/179176_414328310_1a20b73055_m.jpg,['food'],asl_adv
images/136701_1229183886_28936652af_m.jpg,['person'],asl_adv
images/5176_187438202_f7458782bb_m.jpg,"['animal', 'coral', 'fish', 'ocean', 'water']",asl_adv
images/209178_1673368333_1df6dd1a78_m.jpg,['person'],asl_adv
images/210404_98361701_3176722936_m.jpg,['person'],asl_adv
images/112870_739642571_536c0d348f_m.jpg,['person'],asl_adv
images/30865_2453710131_b9366e823c_m.jpg,['person'],asl_adv
images/80376_1217697157_5e4caf21e1_m.jpg,['person'],asl_adv
images/195442_338063233_ccf22adb1d_m.jpg,['person'],asl_adv
images/250718_502857892_b00f0a5b99_m.jpg,['person'],asl_adv
images/178371_405096202_a260f47ecf_m.jpg,['person'],asl_adv
images/28685_374851095_c8050b0dc3_m.jpg,"['animal', 'birds']",asl_adv
images/163783_1619810160_f8c2a4f3fa_m.jpg,"['person', 'water']",asl_adv
images/56426_177606179_f819d121fe_m.jpg,['person'],asl_adv
images/2596_2347534243_e5a8663fca_m.jpg,['person'],asl_adv
images/236580_1078692056_02d8af7872_m.jpg,['person'],asl_adv
images/87773_492608549_366e0e6a08_m.jpg,"['flowers', 'plants']",asl_adv
images/263060_352250460_ee2f9e5565_m.jpg,"['clouds', 'sky']",asl_adv
images/21476_1827146089_0ca0c0f90c_m.jpg,"['animal', 'bear', 'water']",asl_adv
images/13278_2060979096_1743fda6af_m.jpg,['animal'],asl_adv
images/30942_248564674_cdcc02c89a_m.jpg,['person'],asl_adv
images/21947_190887779_f1f1f0c791_m.jpg,['person'],asl_adv
images/238203_2387104936_ed4ed3dba8_m.jpg,['person'],asl_adv
images/150666_441160486_19d45fa04d_m.jpg,"['animal', 'dog', 'grass']",asl_adv
images/176265_1962295082_a99c23e427_m.jpg,['person'],asl_adv
images/22742_93926072_28110f2a47_m.jpg,['person'],asl_adv
images/27980_475401880_d11dbb8eb5_m.jpg,"['animal', 'dog']",asl_adv
images/117686_195251884_bd91fed96a_m.jpg,['animal'],asl_adv
images/266082_2519899593_35e16a62b5_m.jpg,['person'],asl_adv
images/222348_77058045_512085243d_m.jpg,"['flowers', 'plants']",asl_adv
images/132902_78394354_afb1ba5070_m.jpg,['person'],asl_adv
images/109771_2692870785_d0eb08c8a9_m.jpg,['animal'],asl_adv
images/7165_866918356_e874c29b2f_m.jpg,"['animal', 'clouds', 'sky']",asl_adv
images/109271_895660474_59a7124302_m.jpg,"['animal', 'birds']",asl_adv
images/130960_31660733_87308a0c4c_m.jpg,['animal'],asl_adv
images/7629_2195694689_8df1e03db0_m.jpg,"['animal', 'elk', 'grass']",asl_adv
images/117980_446270795_388b0cafbc_m.jpg,['animal'],asl_adv
images/22236_125826998_9bdb3d73c0_m.jpg,['person'],asl_adv
images/117898_488394987_30766665fb_m.jpg,['animal'],asl_adv
images/152430_1173581102_43d4f10801_m.jpg,"['animal', 'cat']",asl_adv
images/135755_151757567_68e8660b81_m.jpg,"['animal', 'cat']",asl_adv
images/116656_2406455279_6650f4a720_m.jpg,"['animal', 'cat']",asl_adv
images/12858_410529130_67fc351398_m.jpg,['person'],asl_adv
images/6144_707655213_8ed2baa501_m.jpg,['animal'],asl_adv
images/71470_464126189_2a3dee95aa_m.jpg,"['animal', 'dog']",asl_adv
images/205095_554683573_b7ca049e6d_m.jpg,"['animal', 'dog', 'grass']",asl_adv
images/41918_85474986_595c4f04e6_m.jpg,"['animal', 'cat', 'computer']",asl_adv
images/170295_142152426_ea28fabdf8_m.jpg,"['animal', 'dog']",asl_adv
images/45902_338535018_bdfe4a7a15_m.jpg,['person'],asl_adv
images/260310_2219879787_bbf28a5679_m.jpg,['person'],asl_adv
images/201814_1934224316_8566c5210a_m.jpg,"['animal', 'leaf']",asl_adv
images/170091_2215310551_d6eeef2e42_m.jpg,"['animal', 'dog']",asl_adv
images/119263_2345596213_6c9d959aec_m.jpg,['person'],asl_adv
images/3593_830575550_72a8bdf9fe_m.jpg,"['animal', 'birds']",asl_adv
images/35786_1355871330_93764d1789_m.jpg,"['animal', 'zebra']",asl_adv
images/137213_2353054763_a4ed86e0ab_m.jpg,['person'],asl_adv
images/188477_423510355_3fb39afb25_m.jpg,['person'],asl_adv
images/170086_226162688_d30b130f26_m.jpg,['animal'],asl_adv
images/158198_853937785_2649e20bd7_m.jpg,"['flowers', 'plants']",asl_adv
images/102796_2363166907_50ca6b5a6f_m.jpg,['person'],asl_adv
images/244583_527082377_25af08caa6_m.jpg,['window'],asl_adv
images/144244_314336784_63bd5bfd7f_m.jpg,['food'],asl_adv
images/67158_2069047723_ea787c0672_m.jpg,['person'],asl_adv
images/227607_770591829_4e2d707410_m.jpg,['person'],asl_adv
images/55044_82806648_a4e1ae4b4f_m.jpg,['person'],asl_adv
images/742_2437398791_6cb3a875ba_m.jpg,"['animal', 'birds']",asl_adv
images/245624_2625111337_fd7d968602_m.jpg,['person'],asl_adv
images/70913_2106382580_d8e7996d8b_m.jpg,"['animal', 'dog']",asl_adv
images/252320_16145028_c9eb8fce6c_m.jpg,['person'],asl_adv
images/120276_2335913265_2e4edb90a5_m.jpg,['person'],asl_adv
images/39984_1303315361_498b608dcf_m.jpg,['person'],asl_adv
images/104157_58039556_d250824f5f_m.jpg,"['computer', 'person']",asl_adv
images/22033_1302617868_d68aa58945_m.jpg,['person'],asl_adv
images/50633_154081019_4c93a72d30_m.jpg,"['animal', 'water']",asl_adv
images/44075_259185804_3ec0d6a04e_m.jpg,['person'],asl_adv
images/22481_1301681058_bf18f53e31_m.jpg,['person'],asl_adv
images/100817_2309169520_dacfa23649_m.jpg,"['flowers', 'plants']",asl_adv
images/56065_1283367359_89eb0a0f61_m.jpg,['person'],asl_adv
images/166774_2439625039_a273b5a189_m.jpg,['person'],asl_adv
images/119235_2595853592_9a05203c8f_m.jpg,['person'],asl_adv
images/157042_2591584236_47c71ccbb2_m.jpg,"['animal', 'dog']",asl_adv
images/117841_2233677398_8c8e20395d_m.jpg,['animal'],asl_adv
images/23712_2613191722_acbe48802f_m.jpg,['person'],asl_adv
images/55202_435524091_342158b891_m.jpg,['person'],asl_adv
images/55015_523360460_4cca34b0b1_m.jpg,"['grass', 'person']",asl_adv
images/260043_87721679_695bb645d6_m.jpg,['person'],asl_adv
images/214772_169434501_23d26cb291_m.jpg,['person'],asl_adv
images/170055_1470972521_e1e4d6d63c_m.jpg,"['animal', 'dog', 'grass', 'running']",asl_adv
images/163135_43553086_96cef5be5a_m.jpg,['person'],asl_adv
images/36751_763477966_96fc4aeef7_m.jpg,['person'],asl_adv
images/41801_205751737_854ae794ca_m.jpg,"['animal', 'cat']",asl_adv
images/152378_542946368_2d17aad87c_m.jpg,['person'],asl_adv
images/260470_268314566_8bc1113d24_m.jpg,['person'],asl_adv
images/103739_114203385_94894048f2_m.jpg,['person'],asl_adv
images/217676_1484413241_e65780125c_m.jpg,"['animal', 'cat']",asl_adv
images/23538_421362759_5f1a66c359_m.jpg,"['animal', 'tiger']",asl_adv
images/63353_496695184_ad9de8cf6f_m.jpg,"['animal', 'tiger']",asl_adv
images/144299_267602588_9b1dfe9d6f_m.jpg,['food'],asl_adv
images/22388_2530987246_275731c31c_m.jpg,['person'],asl_adv
images/217832_2230971344_e1b93bc0ce_m.jpg,"['animal', 'tiger']",asl_adv
images/71239_129747709_36cf27a75a_m.jpg,"['animal', 'dog']",asl_adv
images/46979_422692736_b6975bd810_m.jpg,['food'],asl_adv
images/158365_305210962_6807e229ee_m.jpg,['person'],asl_adv
images/100604_36292882_40dec7bba5_m.jpg,['animal'],asl_adv
images/151616_251144642_42acaa77fe_m.jpg,['person'],asl_adv
images/44169_370368734_938cf8fa8f_m.jpg,['person'],asl_adv
images/101590_28229236_7ff61da306_m.jpg,"['animal', 'bear', 'water']",asl_adv
images/101811_2624269422_d9995c73be_m.jpg,"['animal', 'bear']",asl_adv
images/178924_442895742_6f9d15c2ca_m.jpg,['food'],asl_adv
images/150474_1935876069_8b6689c7c1_m.jpg,"['animal', 'cat']",asl_adv
images/181596_467466368_01895605e1_m.jpg,['animal'],asl_adv
images/83271_966631117_4f40144125_m.jpg,['person'],asl_adv
images/620_2308474176_6327369c48_m.jpg,"['animal', 'birds']",asl_adv
images/132539_2320689395_acc4d72e71_m.jpg,"['animal', 'cat']",asl_adv
images/41892_223956707_6627a8d529_m.jpg,"['animal', 'cat']",asl_adv
images/228285_2612306855_847677c928_m.jpg,['person'],asl_adv
images/5699_515393926_177371afff_m.jpg,['animal'],asl_adv
images/153499_1903695076_f1c2bcf97e_m.jpg,['food'],asl_adv
images/58000_477324378_91a432079c_m.jpg,['person'],asl_adv
images/157168_2377114393_43235b3de0_m.jpg,['food'],asl_adv
images/47315_280040039_9e49909fe5_m.jpg,['food'],asl_adv
images/103582_2378397175_32b8c3dee6_m.jpg,['food'],asl_adv
images/120165_2157047639_2f6ee2a6ff_m.jpg,['person'],asl_adv
images/163955_2325421524_68b6e41170_m.jpg,['person'],asl_adv
images/219197_869727317_aadf9e3b15_m.jpg,"['animal', 'grass']",asl_adv
images/119792_2403513768_ae1b33263e_m.jpg,['animal'],asl_adv
images/59299_2035729807_a7bf53d0a2_m.jpg,"['animal', 'dog', 'toy']",asl_adv
images/92169_1737151469_fa440f022b_m.jpg,"['animal', 'fox']",asl_adv
images/123152_895425430_6f0bc215ae_m.jpg,['person'],asl_adv
images/9990_153975180_0b670188f3_m.jpg,"['person', 'water']",asl_adv
images/159798_1248072134_6a59298655_m.jpg,"['flowers', 'plants']",asl_adv
images/132864_400046972_a24ed54bc6_m.jpg,['person'],asl_adv
images/212495_330064547_0677fea6f1_m.jpg,['person'],asl_adv
images/198781_142385269_a172aaa5fe_m.jpg,['person'],asl_adv
images/33079_7184947_b9d5f70376_m.jpg,['person'],asl_adv
images/75829_409489710_f62386f717_m.jpg,"['animal', 'birds']",asl_adv
images/22269_816784162_a49a555ff5_m.jpg,['person'],asl_adv
images/88550_2224283729_ddc8f3affb_m.jpg,['person'],asl_adv
images/87966_50865510_b6510646ce_m.jpg,"['flowers', 'plants']",asl_adv
images/83254_2210130077_392f6cc996_m.jpg,['person'],asl_adv
images/98916_2064518400_fca2704aaf_m.jpg,"['animal', 'birds']",asl_adv
images/152437_531572113_0c227e13ce_m.jpg,"['flowers', 'leaf', 'plants']",asl_adv
images/70977_68644789_6b878c9ef7_m.jpg,"['animal', 'dog']",asl_adv
images/181700_470270194_5275381a91_m.jpg,['animal'],asl_adv
images/2066_278663316_c3192c8194_m.jpg,['animal'],asl_adv
images/217836_1077088321_8fb8a588d5_m.jpg,"['animal', 'tiger']",asl_adv
images/250393_504936361_c6d30a3162_m.jpg,['person'],asl_adv
images/148608_234866195_c9d7126967_m.jpg,['person'],asl_adv
images/176472_607926340_9bc7d6465b_m.jpg,['person'],asl_adv
images/217129_499899773_fddeba8c3d_m.jpg,['person'],asl_adv
images/34725_2378787488_c9a7e1b8fd_m.jpg,"['clouds', 'sky', 'tower']",asl_adv
images/118079_2335291711_cd23e7e25e_m.jpg,['animal'],asl_adv
images/21763_735654820_cc50424f83_m.jpg,"['animal', 'bear', 'grass']",asl_adv
images/252213_372085981_4b9959f4ca_m.jpg,['person'],asl_adv
images/134198_441719495_784b55f60b_m.jpg,['person'],asl_adv
images/28069_478305886_91adaf7a2e_m.jpg,['person'],asl_adv
images/94901_2399550434_7fcea238d8_m.jpg,['person'],asl_adv
images/245019_34628541_1c52a2a683_m.jpg,['person'],asl_adv
images/170330_430138038_c5f7f37bbb_m.jpg,['animal'],asl_adv
images/256527_253845432_b6214a0c5a_m.jpg,"['person', 'window']",asl_adv
images/251725_261215011_76890f907c_m.jpg,['person'],asl_adv
images/238048_506416910_312c070c47_m.jpg,['person'],asl_adv
images/233843_2659200166_6b75be7090_m.jpg,"['animal', 'cat', 'grass']",asl_adv
images/216128_2282470511_92794ae5c7_m.jpg,['person'],asl_adv
images/793_122167448_c1b4c9f50a_m.jpg,"['animal', 'birds']",asl_adv
images/119914_2181575725_811c0d3944_m.jpg,['person'],asl_adv
images/178655_303034590_761f783243_m.jpg,['animal'],asl_adv
images/91965_349005428_1974417cb0_m.jpg,"['animal', 'fox']",asl_adv
images/42614_4556322_462cfb22d7_m.jpg,"['animal', 'cat']",asl_adv
images/18178_148939098_1381c3bf38_m.jpg,"['animal', 'cat']",asl_adv
images/130841_25482044_3cec2b7472_m.jpg,['animal'],asl_adv
images/162565_2215227524_bf7a1f6240_m.jpg,['person'],asl_adv
images/132819_8739135_5dd30264f3_m.jpg,['person'],asl_adv
images/157935_2397061159_5b976637dd_m.jpg,['person'],asl_adv
images/171016_2291128422_d105e7ed88_m.jpg,"['animal', 'cat']",asl_adv
images/50541_928383504_8fe2f3bed9_m.jpg,['person'],asl_adv
images/217455_1399160475_c1fe29f2e8_m.jpg,['person'],asl_adv
images/75_493905134_ed1e74fcb2_m.jpg,['person'],asl_adv
images/178566_2739807182_9af7bc7fa0_m.jpg,['animal'],asl_adv
images/75890_2302561717_0c7deea3bb_m.jpg,"['animal', 'birds', 'grass']",asl_adv
images/178662_179792831_ec07a01359_m.jpg,"['animal', 'grass']",asl_adv
images/190204_2201644452_7f66e6bb78_m.jpg,"['flowers', 'plants']",asl_adv
images/98155_1332506965_e242541446_m.jpg,['person'],asl_adv
images/117998_142013558_3bbe3ec2d8_m.jpg,['animal'],asl_adv
images/92361_2574831087_a16b347923_m.jpg,"['animal', 'fox', 'grass']",asl_adv
images/248378_393099162_8e626b5410_m.jpg,['person'],asl_adv
images/137914_464950924_a01da79e64_m.jpg,['person'],asl_adv
images/257018_404825905_ad72f52737_m.jpg,['person'],asl_adv
images/55211_436531214_9968d4b734_m.jpg,['person'],asl_adv
images/80385_2153349079_4c403272bf_m.jpg,['person'],asl_adv
images/25891_1396559352_8f426837b8_m.jpg,"['flowers', 'plants']",asl_adv
images/169995_242363090_2260f38ed0_m.jpg,"['animal', 'dog']",asl_adv
images/58744_69904150_b66308f5cc_m.jpg,['person'],asl_adv
images/85818_13256009_b3ecc3ef03_m.jpg,['person'],asl_adv
images/5409_61182957_98fa9034bd_m.jpg,"['animal', 'fish']",asl_adv
images/234817_413772871_468f140fa4_m.jpg,['person'],asl_adv
images/134880_2578501318_5ab54524b7_m.jpg,"['animal', 'birds']",asl_adv
images/88254_2598701036_eeea27efa4_m.jpg,['animal'],asl_adv
images/92025_538517237_13f29912fb_m.jpg,"['animal', 'fox', 'grass']",asl_adv
images/202043_2050434647_d7039555b4_m.jpg,['animal'],asl_adv
images/28920_1303878220_af855b63fa_m.jpg,"['person', 'sky', 'wedding']",asl_adv
images/36196_71125244_1dfeb60338_m.jpg,"['animal', 'cow', 'person']",asl_adv
images/245076_28184262_88cd9ab940_m.jpg,['person'],asl_adv
images/88454_2064209964_5bd57e801c_m.jpg,['person'],asl_adv
images/13091_123737076_5905ba28c9_m.jpg,['person'],asl_adv
images/242642_2318848024_af28f85dfc_m.jpg,['person'],asl_adv
images/170324_2218862167_7e6b58b02f_m.jpg,"['animal', 'dog']",asl_adv
images/208204_27861465_7418d6c794_m.jpg,"['clouds', 'sign', 'sky']",asl_adv
images/72775_417992047_e4e30bdb06_m.jpg,['person'],asl_adv
images/137908_2324822380_57e64f81c2_m.jpg,['person'],asl_adv
images/42052_2042773243_44aa297004_m.jpg,"['animal', 'cat', 'tiger']",asl_adv
images/115087_2433679045_f4292ff751_m.jpg,['person'],asl_adv
images/13039_371635096_a547273cbd_m.jpg,['person'],asl_adv
images/102811_2588298152_7f5568a676_m.jpg,['person'],asl_adv
images/48459_114711401_ee1fc2a7f6_m.jpg,['person'],asl_adv
images/131179_2037362845_0948f3aa59_m.jpg,"['animal', 'leaf']",asl_adv
images/176337_2177671315_1a0c171910_m.jpg,"['animal', 'cat']",asl_adv
images/46780_239946381_d3af2fcbcd_m.jpg,['person'],asl_adv
images/28351_395790449_353c8d776a_m.jpg,['person'],asl_adv
images/247909_2046007786_85e7af7bf2_m.jpg,['person'],asl_adv
images/250192_1603168100_ec4986a749_m.jpg,['person'],asl_adv
images/237930_303864438_72e320bc6a_m.jpg,"['flowers', 'leaf', 'plants']",asl_adv
images/226161_212415754_8463f62a21_m.jpg,['food'],asl_adv
images/112_2216642703_69fba6f939_m.jpg,['person'],asl_adv
images/132636_2229709672_86b4662d94_m.jpg,"['animal', 'cat']",asl_adv
images/104249_215362954_289826bfbb_m.jpg,"['animal', 'cat']",asl_adv
images/163994_2146404996_c165b9bac0_m.jpg,['person'],asl_adv
images/212458_456611804_d638a680cb_m.jpg,['person'],asl_adv
images/70931_2090277255_14a2b9afc2_m.jpg,"['animal', 'dog']",asl_adv
images/224063_296477530_15093de064_m.jpg,"['animal', 'cat']",asl_adv
images/240426_2495921055_96634c4e7b_m.jpg,['person'],asl_adv
images/132216_2250422234_5a518c204d_m.jpg,"['animal', 'cat']",asl_adv
images/209374_2539799997_85d0d4f545_m.jpg,['person'],asl_adv
images/263540_403463020_daf08eb514_m.jpg,['person'],asl_adv
images/152306_2190324096_09ac8142de_m.jpg,"['animal', 'cat', 'toy']",asl_adv
images/181478_323640130_1974fea206_m.jpg,['animal'],asl_adv
images/188478_2311274426_2f17178427_m.jpg,['person'],asl_adv
images/235738_2066739788_0d091979ec_m.jpg,"['animal', 'zebra']",asl_adv
images/23460_491516557_eea2a7000e_m.jpg,"['animal', 'cat']",asl_adv
images/73394_2402991842_2f7fe1cca2_m.jpg,['person'],asl_adv
images/1690_2230770879_7641d06967_m.jpg,"['animal', 'birds']",asl_adv
images/67804_207806307_0383d4f782_m.jpg,['person'],asl_adv
images/210273_2641994481_9b99eb579d_m.jpg,['person'],asl_adv
images/188486_281638931_ebc73e0282_m.jpg,['person'],asl_adv
images/256709_1816329577_1563f13ca9_m.jpg,['person'],asl_adv
images/74399_272794_4a0a4677d7_m.jpg,['person'],asl_adv
images/120131_388631084_a5aceaf2a2_m.jpg,['person'],asl_adv
images/13346_10508008_9442c809cf_m.jpg,"['animal', 'dog']",asl_adv
images/97202_436376812_21830f1e88_m.jpg,['person'],asl_adv
images/248562_49407856_b8cf206177_m.jpg,['person'],asl_adv
images/104276_1389872773_a783d85856_m.jpg,['person'],asl_adv
images/5300_2510629431_11db179ff6_m.jpg,"['animal', 'coral', 'fish', 'ocean', 'water']",asl_adv
images/145609_2433866325_2255babf2d_m.jpg,['animal'],asl_adv
images/43775_2316610516_25f7e1c00e_m.jpg,['person'],asl_adv
images/19105_118097947_a8a90491a8_m.jpg,"['person', 'water']",asl_adv
images/88875_2105995819_722eb2397b_m.jpg,['person'],asl_adv
images/217812_2419526535_9d4dc591ab_m.jpg,"['animal', 'cat']",asl_adv
images/118156_857090288_7e0316ffd4_m.jpg,['animal'],asl_adv
images/163878_63988611_b2dd6b0685_m.jpg,['person'],asl_adv
images/1780_2592579578_203a985460_m.jpg,"['animal', 'birds']",asl_adv
images/2081_1250235154_21572de544_m.jpg,['person'],asl_adv
images/86858_39898478_69a31f75b1_m.jpg,['person'],asl_adv
images/118129_2212012422_4f8978a68a_m.jpg,['animal'],asl_adv
images/10356_199303653_d4b78c5093_m.jpg,['person'],asl_adv
images/162420_2265595222_9a75dc4826_m.jpg,"['animal', 'dog']",asl_adv
images/35941_1314846717_6292dc9cc2_m.jpg,"['animal', 'sand']",asl_adv
images/266712_1871321842_06328348d1_m.jpg,['person'],asl_adv
images/88246_1405467058_89050fc287_m.jpg,['animal'],asl_adv
images/5626_641003083_5f2de80b14_m.jpg,"['animal', 'birds']",asl_adv
images/101648_528613381_4074b4ba82_m.jpg,"['animal', 'bear', 'grass']",asl_adv
images/138011_2553691980_e093a77a33_m.jpg,['person'],asl_adv
images/137723_507309317_807d78d722_m.jpg,['person'],asl_adv
images/63373_2327662631_9a55242698_m.jpg,['person'],asl_adv
images/28051_294713547_0e091b4200_m.jpg,['person'],asl_adv
images/2439_252843433_5c9c111d4a_m.jpg,['person'],asl_adv
images/98241_376740774_958ecc7883_m.jpg,['person'],asl_adv
images/168045_304467593_5d0056b287_m.jpg,"['animal', 'dog']",asl_adv
images/6421_1281000602_66c46e1ccb_m.jpg,"['animal', 'dog']",asl_adv
images/103225_865035782_be269e286d_m.jpg,"['animal', 'coral', 'fish', 'ocean', 'water']",asl_adv
images/98164_548396620_780154b496_m.jpg,['person'],asl_adv
images/26210_1043436325_13221029f6_m.jpg,"['flowers', 'plants']",asl_adv
images/247183_2140228985_e78dbccf49_m.jpg,['person'],asl_adv
images/154831_449638387_e8bba7a4fa_m.jpg,['person'],asl_adv
images/36571_931166755_eeb89f013c_m.jpg,['person'],asl_adv
images/44166_386506096_3539b3b08e_m.jpg,"['person', 'wedding']",asl_adv
images/188723_115162852_f45d22c155_m.jpg,['person'],asl_adv
images/193184_1429321554_046b1fc869_m.jpg,['person'],asl_adv
images/188813_2435415318_f363582ef1_m.jpg,['person'],asl_adv
images/176650_1129549133_db4be6be58_m.jpg,['person'],asl_adv
images/217674_475603594_04d003e424_m.jpg,"['animal', 'tiger']",asl_adv
images/119539_766440128_9e5b3e79e1_m.jpg,['person'],asl_adv
images/86309_2639952713_9b60e03782_m.jpg,"['flags', 'person']",asl_adv
images/49338_2229080745_9fd66e99d5_m.jpg,"['computer', 'person']",asl_adv
images/157102_300728560_2e383d9c0e_m.jpg,['food'],asl_adv
images/158676_2409656831_c5551df261_m.jpg,['person'],asl_adv
images/178485_1900264341_66a684e9a4_m.jpg,['animal'],asl_adv
images/47681_2361139156_bf76d47cb4_m.jpg,"['flowers', 'plants']",asl_adv
images/113385_250824015_45aa387e60_m.jpg,['animal'],asl_adv
images/94349_455678656_0538c5df7a_m.jpg,['food'],asl_adv
images/122710_2726349398_0c4fd54927_m.jpg,['person'],asl_adv
images/247228_1307464737_3c68a97640_m.jpg,['person'],asl_adv
images/145654_11284627_0f06fe72c2_m.jpg,"['animal', 'birds']",asl_adv
images/109757_570934108_112bc7c5d6_m.jpg,"['animal', 'cat']",asl_adv
images/47403_178142127_a477e68090_m.jpg,['person'],asl_adv
images/170494_194277636_9947d53353_m.jpg,"['animal', 'dog']",asl_adv
images/169977_153076982_a48d021605_m.jpg,['animal'],asl_adv
images/97169_1491153764_a65b1f8576_m.jpg,['person'],asl_adv
images/75819_404134050_31c25ae217_m.jpg,"['animal', 'birds', 'clouds', 'sky']",asl_adv
images/217122_2178379032_852ab78df9_m.jpg,['person'],asl_adv
images/177443_310456737_ed38c37b3e_m.jpg,"['animal', 'birds']",asl_adv
images/157531_529343839_641a6566a4_m.jpg,"['animal', 'birds']",asl_adv
images/178469_39500143_36ded1798e_m.jpg,['animal'],asl_adv
images/98523_6021491_2bb4af2158_m.jpg,['person'],asl_adv
images/200614_120121606_89def591d7_m.jpg,['animal'],asl_adv
images/226415_2345280921_11e109e365_m.jpg,['food'],asl_adv
images/169879_1948629360_a1841184be_m.jpg,['person'],asl_adv
images/120007_2336748026_286982c265_m.jpg,['person'],asl_adv
images/123111_2327402808_a32d3a7db3_m.jpg,['person'],asl_adv
images/109929_283885408_2539fb98bc_m.jpg,['person'],asl_adv
images/1664_97118334_eeb9a4e2ae_m.jpg,['person'],asl_adv
images/256888_2719076596_8d29cdf85c_m.jpg,['person'],asl_adv
images/30298_2228146249_7c1ed2f68b_m.jpg,['person'],asl_adv
images/195758_374780934_564cfc542b_m.jpg,"['clouds', 'sign', 'sky']",asl_adv
images/205336_2196992213_cbfe3c757d_m.jpg,['person'],asl_adv
images/229968_1313256378_1568b7bc70_m.jpg,['person'],asl_adv
images/141794_2737269588_114367b765_m.jpg,['person'],asl_adv
images/39565_2129719425_bcc7ab2645_m.jpg,['person'],asl_adv
images/55152_82811094_043c3f1f3a_m.jpg,['person'],asl_adv
images/138074_2122918168_be257e78fb_m.jpg,['person'],asl_adv
images/22590_42152398_55838fdac1_m.jpg,['person'],asl_adv
images/179199_1086326399_7a8f51547f_m.jpg,['food'],asl_adv
images/83299_2351295577_07265e3b3e_m.jpg,['person'],asl_adv
images/245679_1153666503_aab74ab7a3_m.jpg,['person'],asl_adv
images/150605_911668371_cd928a3948_m.jpg,['person'],asl_adv
images/880_2735686105_b8a3e77ea5_m.jpg,['person'],asl_adv
images/22950_510589072_cae1053de7_m.jpg,['person'],asl_adv
images/188392_190665042_13c973a513_m.jpg,['person'],asl_adv
images/101769_664320442_4653530103_m.jpg,"['animal', 'bear']",asl_adv
images/178581_355630822_9b4aa9bd81_m.jpg,['animal'],asl_adv
images/106867_2604363234_173d5e98ac_m.jpg,['person'],asl_adv
images/6379_1579800930_ca4538096f_m.jpg,['animal'],asl_adv
images/27972_143598350_26a491b1fb_m.jpg,"['animal', 'birds']",asl_adv
images/248677_43227588_daa18b51b5_m.jpg,['person'],asl_adv
images/188210_2104525190_e49375d070_m.jpg,['person'],asl_adv
images/161311_351768754_bccc14da9b_m.jpg,"['animal', 'bear']",asl_adv
images/46958_254613073_de3a5daad1_m.jpg,['food'],asl_adv
images/209262_2274210400_084b515b53_m.jpg,['person'],asl_adv
images/176818_128666433_bb9bc2e9b4_m.jpg,['person'],asl_adv
images/196328_35851526_c2e3b83f2d_m.jpg,['person'],asl_adv
images/23596_201377457_c33ced3e79_m.jpg,"['animal', 'cat']",asl_adv
images/247033_2140223189_e77b245e3b_m.jpg,['person'],asl_adv
images/198955_2120257214_06e282672b_m.jpg,['animal'],asl_adv
images/28332_2574836931_ec9f8b7c09_m.jpg,['person'],asl_adv
images/188344_2575986742_be6511b7b5_m.jpg,['person'],asl_adv
images/158013_2594156702_f0d3b52681_m.jpg,['person'],asl_adv
images/238805_2283565170_375fe035ec_m.jpg,['person'],asl_adv
images/154679_178774756_e48213f652_m.jpg,"['cars', 'road', 'vehicle', 'window']",asl_adv
images/176447_327320023_b1726a98eb_m.jpg,['person'],asl_adv
images/55390_435877987_9e57f8990f_m.jpg,['person'],asl_adv
images/168954_2358267722_e4d69aa53d_m.jpg,['person'],asl_adv
images/122979_2651066031_2fe429c343_m.jpg,['person'],asl_adv
images/213734_128532785_afc82f18b2_m.jpg,['person'],asl_adv
images/201156_2496957226_5753974630_m.jpg,['person'],asl_adv
images/117793_2603289057_0da36485c5_m.jpg,"['animal', 'grass', 'plants']",asl_adv
images/104257_225230260_1771b40ddd_m.jpg,"['animal', 'cat']",asl_adv
images/193055_536613591_c6ad02db98_m.jpg,['person'],asl_adv
images/212485_503961578_887c24a40c_m.jpg,['person'],asl_adv
images/21724_371413693_b6984c4eff_m.jpg,"['animal', 'bear']",asl_adv
images/159937_2306862954_9df3cb69af_m.jpg,['person'],asl_adv
images/260193_2219877677_25e19ac5b3_m.jpg,['person'],asl_adv
images/163026_2731931604_094f1a40a2_m.jpg,['person'],asl_adv
images/157865_93498028_ca90f01e6c_m.jpg,['person'],asl_adv
images/109749_2219992868_b666ae9cf7_m.jpg,['person'],asl_adv
images/51218_1554033242_ac979268ec_m.jpg,['person'],asl_adv
images/266949_1340055_073579ac0a_m.jpg,['person'],asl_adv
images/242957_270862709_501400838f_m.jpg,['person'],asl_adv
images/247221_2140224159_1e20cc6db2_m.jpg,['person'],asl_adv
images/235892_2263519870_82d6fdf08b_m.jpg,['animal'],asl_adv
images/156422_2247582706_3a7587df07_m.jpg,"['animal', 'birds']",asl_adv
images/162885_2287332094_c170aeddb1_m.jpg,['person'],asl_adv
images/198851_437361413_438bd91bab_m.jpg,['person'],asl_adv
images/185540_2053665832_356a82a614_m.jpg,"['grass', 'person', 'running', 'sports']",asl_adv
images/25407_852136428_dfa40b9cde_m.jpg,['person'],asl_adv
images/982_2533735688_2f6dc375b8_m.jpg,['person'],asl_adv
images/46788_151960347_fb611eb4a5_m.jpg,"['grass', 'person']",asl_adv
images/75950_554408771_38642941cc_m.jpg,"['animal', 'birds']",asl_adv
images/200431_498278882_82a99f3800_m.jpg,"['animal', 'cat']",asl_adv
images/109291_232522374_cf58dc9808_m.jpg,"['animal', 'birds']",asl_adv
images/175744_373087761_70f8f16e58_m.jpg,"['animal', 'coral', 'fish', 'water']",asl_adv
images/176323_284065573_6cf96dc827_m.jpg,['person'],asl_adv
images/77214_337005920_c5d848dd04_m.jpg,['animal'],asl_adv
images/251918_178540738_0139920f28_m.jpg,['person'],asl_adv
images/98443_2400810040_acda4f361f_m.jpg,['person'],asl_adv
images/89466_98406499_be63c96862_m.jpg,['food'],asl_adv
images/130377_209388251_10d665a56e_m.jpg,"['flowers', 'leaf', 'plants', 'water']",asl_adv
images/13674_1366100562_863daff4f5_m.jpg,['person'],asl_adv
images/6341_54591368_2d42f49ee9_m.jpg,"['animal', 'cat']",asl_adv
images/77201_2116713301_f40c1546cf_m.jpg,"['animal', 'person']",asl_adv
images/13591_705715227_b13cfb91f5_m.jpg,['person'],asl_adv
images/40012_2341133460_c35c933c0b_m.jpg,"['fire', 'person']",asl_adv
images/57621_2461703519_b01bea1162_m.jpg,"['animal', 'cat']",asl_adv
images/214881_233929396_cc1738b392_m.jpg,['person'],asl_adv
images/212380_2479376448_1e2f3255ee_m.jpg,['person'],asl_adv
images/246513_240844693_197e590f9b_m.jpg,['person'],asl_adv
images/83119_2233281566_8993a3c187_m.jpg,['person'],asl_adv
images/50751_117109413_0d9e332ba4_m.jpg,['person'],asl_adv
images/132646_2707102745_198344099a_m.jpg,"['animal', 'cat']",asl_adv
images/75926_1256825737_2dac170ed0_m.jpg,"['animal', 'birds']",asl_adv
images/247205_2270639742_fa6229b3a1_m.jpg,['person'],asl_adv
images/70876_27905679_d84cffee9d_m.jpg,"['animal', 'dog', 'person']",asl_adv
images/247234_2059408293_22e3abaec7_m.jpg,['person'],asl_adv
images/150212_472367689_2c15aeb31a_m.jpg,"['animal', 'birds']",asl_adv
images/192718_276471023_2ab2caee2c_m.jpg,['person'],asl_adv
images/46205_264855484_e03964d520_m.jpg,['person'],asl_adv
images/181534_2044002446_50bbefcfac_m.jpg,['animal'],asl_adv
images/217220_2561786445_4cbec1c17d_m.jpg,['person'],asl_adv
images/25020_333652203_63847567bb_m.jpg,"['animal', 'birds']",asl_adv
images/123085_1294872880_ffaa9b86e9_m.jpg,['animal'],asl_adv
images/170070_49484200_0cbb46e5f1_m.jpg,"['animal', 'dog']",asl_adv
images/20872_104184858_6565ac89cb_m.jpg,"['animal', 'birds']",asl_adv
images/185923_1474772840_51e6fb779d_m.jpg,['person'],asl_adv
images/120004_2152895449_78161364e6_m.jpg,['person'],asl_adv
images/47266_448925012_27a1ebee6d_m.jpg,['food'],asl_adv
images/178020_2403751104_cee4e50846_m.jpg,['person'],asl_adv
images/215506_1278928882_7e91c5bd39_m.jpg,"['animal', 'cat']",asl_adv
images/53090_1988776518_9ad028c74f_m.jpg,['person'],asl_adv
images/218759_2559301777_4b6f366134_m.jpg,"['animal', 'cat']",asl_adv
images/92026_2075240796_787cc212d4_m.jpg,"['animal', 'fox']",asl_adv
images/131304_190573190_4e33f91bee_m.jpg,['animal'],asl_adv
images/215683_1084387676_349795eeb8_m.jpg,['person'],asl_adv
images/117978_2510573123_2571196e43_m.jpg,['animal'],asl_adv
images/137986_171561032_f9649babf9_m.jpg,['person'],asl_adv
images/46844_365839171_63f95c3b18_m.jpg,['food'],asl_adv
images/139682_2429722753_2dbc0c2b6a_m.jpg,"['animal', 'dog']",asl_adv
images/90296_2495061052_c55580c415_m.jpg,['person'],asl_adv
images/63770_57688988_f55225bf89_m.jpg,['person'],asl_adv
images/215068_183585652_fa0740b212_m.jpg,"['grass', 'person', 'sports']",asl_adv
images/172138_437805331_ad577451b8_m.jpg,"['clouds', 'sky']",asl_adv
images/105753_2392130500_0bd02ed151_m.jpg,['person'],asl_adv
images/28142_840449071_669941ff8b_m.jpg,['person'],asl_adv
images/134490_187610529_d1904f516b_m.jpg,['person'],asl_adv
images/216528_272461626_52976c05e7_m.jpg,['person'],asl_adv
images/538_292906132_cbfb684fd3_m.jpg,['person'],asl_adv
images/34384_279672754_12bf68cafa_m.jpg,['person'],asl_adv
images/209386_538408028_dcb9627f09_m.jpg,['person'],asl_adv
images/10808_371073028_15504868c3_m.jpg,['person'],asl_adv
images/115168_371928571_bc83cf969a_m.jpg,['person'],asl_adv
images/123917_1579040315_984801e92c_m.jpg,['person'],asl_adv
images/181454_512709104_e285c265f9_m.jpg,['animal'],asl_adv
images/201699_2275492386_605486b427_m.jpg,['animal'],asl_adv
images/74521_55666167_51da8387e6_m.jpg,['person'],asl_adv
images/75791_522239597_0d3fad6291_m.jpg,"['animal', 'birds']",asl_adv
images/117703_222558575_af4b8d844e_m.jpg,['animal'],asl_adv
images/223599_250376718_38db5a4064_m.jpg,['person'],asl_adv
images/76112_389472497_16fc5b2cee_m.jpg,"['animal', 'birds', 'clouds', 'sky']",asl_adv
images/119156_348704515_fac1741c91_m.jpg,['person'],asl_adv
images/41814_2172698845_cc6f80aa8b_m.jpg,"['animal', 'cat']",asl_adv
images/5845_2190291458_01a2555731_m.jpg,['animal'],asl_adv
images/6037_2447441274_3ed5a2f1bf_m.jpg,"['animal', 'dog']",asl_adv
images/121377_1222757623_0ffa40437f_m.jpg,"['person', 'police']",asl_adv
images/219150_379505296_ee820e04a0_m.jpg,['animal'],asl_adv
images/22419_2298783917_3bd72c2b2b_m.jpg,['person'],asl_adv
images/123684_380182776_c741bdc80c_m.jpg,"['food', 'person']",asl_adv
images/212740_2547802012_cae5a25ce7_m.jpg,['person'],asl_adv
images/168179_2047370500_fbac9e0ab6_m.jpg,['person'],asl_adv
images/6345_582385572_b7b51bbccc_m.jpg,['animal'],asl_adv
images/47541_345087013_d38732fb72_m.jpg,['person'],asl_adv
images/21379_375723120_c0436d1ca5_m.jpg,"['animal', 'bear']",asl_adv
images/63080_2109999371_5b5e3fbd4c_m.jpg,"['animal', 'cat']",asl_adv
images/57524_234402880_4149dc27fd_m.jpg,"['animal', 'cat', 'grass']",asl_adv
images/242906_270863698_fcc36fc10a_m.jpg,['person'],asl_adv
images/190044_2214404588_182bb09f20_m.jpg,"['flowers', 'plants']",asl_adv
images/167830_263270175_b860012be7_m.jpg,['person'],asl_adv
images/227753_2742026824_3ca260f3ea_m.jpg,['person'],asl_adv
images/64815_488090021_55f7f698e0_m.jpg,['person'],asl_adv
images/102949_365748707_283b9de432_m.jpg,"['animal', 'cat']",asl_adv
images/158265_2111940676_eb51a26f6d_m.jpg,"['flowers', 'plants']",asl_adv
images/76010_526188213_8850b5455f_m.jpg,"['animal', 'birds', 'clouds', 'sky']",asl_adv
images/33072_1686329640_f264848b18_m.jpg,"['animal', 'cat', 'grass']",asl_adv
images/208568_1446962965_08550ae29f_m.jpg,['person'],asl_adv
images/158398_2639190750_5c63a465cd_m.jpg,['person'],asl_adv
images/223922_201319057_1c158d95b8_m.jpg,['animal'],asl_adv
images/119002_2133128740_5e87e1948c_m.jpg,"['dancing', 'person']",asl_adv
images/176816_372834507_3debd62b07_m.jpg,['person'],asl_adv
images/215789_2326223486_5308e856cc_m.jpg,['person'],asl_adv
images/63508_2112487670_da771a24d2_m.jpg,['person'],asl_adv
images/42026_211491676_75c7160f92_m.jpg,"['animal', 'cat']",asl_adv
images/41771_580401331_ac6cdfc0b8_m.jpg,"['animal', 'cat']",asl_adv
images/234418_1391343605_13a57918eb_m.jpg,['person'],asl_adv
images/149018_299473042_dcea63e515_m.jpg,"['flowers', 'plants']",asl_adv
images/142629_2582468690_63de840993_m.jpg,['person'],asl_adv
images/104658_2563864365_76d659dc78_m.jpg,"['animal', 'birds']",asl_adv
images/67396_552635683_e72290bdc0_m.jpg,['person'],asl_adv
images/196634_236037340_13e582e0f4_m.jpg,['person'],asl_adv
images/117712_520319812_c1c7423200_m.jpg,['animal'],asl_adv
images/70989_229126912_da7baa24e2_m.jpg,"['animal', 'dog']",asl_adv
images/106586_2212428307_b00bdb4567_m.jpg,['person'],asl_adv
images/25474_636977915_ab2893aa83_m.jpg,['person'],asl_adv
images/89862_1467782867_6b6e98c445_m.jpg,['person'],asl_adv
images/128740_354982414_5dd58fa92a_m.jpg,['person'],asl_adv
images/11847_331813104_a2150fa1a9_m.jpg,['person'],asl_adv
images/51171_55534173_f6483bbd14_m.jpg,['person'],asl_adv
images/119126_2714776562_640f5b22c0_m.jpg,['person'],asl_adv
images/69268_2335486827_242b5a3939_m.jpg,['food'],asl_adv
images/245698_87958186_433531b820_m.jpg,['person'],asl_adv
images/165549_314157976_eec2a820a6_m.jpg,['animal'],asl_adv
images/21517_2224592986_419f89d15c_m.jpg,"['animal', 'bear']",asl_adv
images/103105_1381191666_2b47a13821_m.jpg,['person'],asl_adv
images/124703_316947364_885a58218c_m.jpg,['person'],asl_adv
images/138577_142838408_af44fccb47_m.jpg,['person'],asl_adv
images/6000_506239916_1abdd8220f_m.jpg,"['animal', 'birds']",asl_adv
images/104389_300050504_d1762dddb0_m.jpg,['person'],asl_adv
images/247314_2514837585_bc9e513b2e_m.jpg,['person'],asl_adv
images/164119_489252005_8272577d46_m.jpg,"['animal', 'dog']",asl_adv
images/88131_2397421108_5903445874_m.jpg,['animal'],asl_adv
images/188097_1827723296_19637e8b1c_m.jpg,"['person', 'wedding']",asl_adv
images/2212_158444676_c1828b8baa_m.jpg,['person'],asl_adv
images/119723_192972144_e638c13516_m.jpg,['animal'],asl_adv
images/67858_2428182093_5800feb689_m.jpg,['person'],asl_adv
images/75964_309159874_e206b94174_m.jpg,"['animal', 'birds', 'clouds', 'sky']",asl_adv
images/6321_718441068_fe379fd0b5_m.jpg,['animal'],asl_adv
images/101160_127717102_c81eab5551_m.jpg,['person'],asl_adv
images/226318_2330612835_d1c52968e3_m.jpg,['food'],asl_adv
images/89983_178601496_a1bbc1d469_m.jpg,['person'],asl_adv
images/196252_1474544952_72fe5883c9_m.jpg,['person'],asl_adv
images/32387_43864154_51026f3735_m.jpg,"['person', 'window']",asl_adv
images/137806_70267006_f847da0444_m.jpg,['person'],asl_adv
images/252099_1470928724_1082d39e4b_m.jpg,['person'],asl_adv
images/132843_137459406_b7d233b0f1_m.jpg,['person'],asl_adv
images/169931_2197213301_ac226b1591_m.jpg,['person'],asl_adv
images/235964_920861701_129950aca7_m.jpg,"['animal', 'tiger']",asl_adv
images/13076_1350547711_a3f2ce33a1_m.jpg,['person'],asl_adv
images/22697_130141375_e78f59b910_m.jpg,['person'],asl_adv
images/161373_2203887548_1007157959_m.jpg,"['animal', 'bear']",asl_adv
images/127198_104099853_436d05b489_m.jpg,['person'],asl_adv
images/178645_2687973749_2460c6ca59_m.jpg,"['animal', 'grass']",asl_adv
images/155061_449630402_1e7d84a0d3_m.jpg,['person'],asl_adv
images/224131_296533493_2e531588e7_m.jpg,['animal'],asl_adv
images/89754_2531026821_758b390431_m.jpg,['person'],asl_adv
images/23698_189209883_5b9f3d9757_m.jpg,"['animal', 'grass', 'tiger']",asl_adv
images/963_161179261_010eee992b_m.jpg,['person'],asl_adv
images/245674_70150185_d731d224f3_m.jpg,['person'],asl_adv
images/223687_396543490_1ef5552bcd_m.jpg,"['animal', 'cat']",asl_adv
images/178434_1333546384_69c5837ef9_m.jpg,['animal'],asl_adv
images/41777_180653960_21cf28e0b3_m.jpg,"['animal', 'cat']",asl_adv
images/41928_1351356561_27e859460d_m.jpg,"['animal', 'cat']",asl_adv
images/12956_443174702_0a35d067fe_m.jpg,['food'],asl_adv
images/88064_164545169_e1a7ae71fd_m.jpg,['animal'],asl_adv
images/82603_2459051272_5b1a944e7e_m.jpg,"['animal', 'dog']",asl_adv
images/247041_2726140975_db3dc9dbb8_m.jpg,['person'],asl_adv
images/162606_1167944913_16b52ed57a_m.jpg,['person'],asl_adv
images/170122_365829844_5fe370eb6d_m.jpg,"['animal', 'dog']",asl_adv
images/235974_138877345_d74049223c_m.jpg,"['animal', 'bear']",asl_adv
images/198145_193357383_d255202aeb_m.jpg,"['animal', 'dog']",asl_adv
images/245730_2547256844_b0fd71bb86_m.jpg,['person'],asl_adv
images/25323_172945219_44f8c594df_m.jpg,['person'],asl_adv
images/215693_2638370923_c197b0a8e0_m.jpg,"['animal', 'flowers', 'leaf', 'plants']",asl_adv
images/212067_132647851_c1bfd74167_m.jpg,['animal'],asl_adv
images/123499_1554429152_17fa99a349_m.jpg,"['animal', 'flowers', 'plants']",asl_adv
images/57514_2523514345_b571a894e4_m.jpg,"['animal', 'cat']",asl_adv
images/117947_2635843822_fe7f43bb87_m.jpg,['animal'],asl_adv
images/226078_1749182445_ca359f8d0d_m.jpg,['food'],asl_adv
images/130972_363734863_b49da683b4_m.jpg,['animal'],asl_adv
images/178570_361286974_faac1d9f70_m.jpg,['animal'],asl_adv
images/245181_32308730_d19e715240_m.jpg,['person'],asl_adv
images/73541_243054616_2c7eb3dbf9_m.jpg,['person'],asl_adv
images/13353_2129669789_19660d2b6f_m.jpg,"['animal', 'bear']",asl_adv
images/209125_832153822_878de2ad83_m.jpg,"['grass', 'person']",asl_adv
images/178334_2241507139_10aac80d6f_m.jpg,['person'],asl_adv
images/224556_370103065_e218ee9c39_m.jpg,['person'],asl_adv
images/238_1552139649_948b38f11f_m.jpg,['person'],asl_adv
images/136902_315887959_55c078c825_m.jpg,['person'],asl_adv
images/149297_2235454134_5cf58f9f02_m.jpg,"['military', 'person', 'police']",asl_adv
images/79382_1035962574_f91359cfa4_m.jpg,['person'],asl_adv
images/28134_100178399_0b91223629_m.jpg,['person'],asl_adv
images/152651_1562110042_3a2ab74596_m.jpg,"['person', 'wedding']",asl_adv
images/184309_1802424329_8aa4bdc8ee_m.jpg,"['animal', 'cat']",asl_adv
images/88369_2157197640_0c4e6071dd_m.jpg,['person'],asl_adv
images/43894_171146189_0f77bc5151_m.jpg,['person'],asl_adv
images/135984_366017893_c6504d03e9_m.jpg,"['animal', 'cat']",asl_adv
images/223402_327625386_fc8b82b57f_m.jpg,['person'],asl_adv
images/137890_254562957_642de770d8_m.jpg,['person'],asl_adv
images/178505_987862155_ffaa9a8c22_m.jpg,['animal'],asl_adv
images/191999_2274803364_561c96cf6a_m.jpg,"['buildings', 'clouds', 'sky', 'tower']",asl_adv
images/137971_1859430669_f38a66d41f_m.jpg,['person'],asl_adv
images/117855_2511572926_f01ff2f8db_m.jpg,['animal'],asl_adv
images/118125_150543677_6de1d45678_m.jpg,['animal'],asl_adv
images/77485_847919250_04f1ce2b88_m.jpg,"['animal', 'grass', 'sky']",asl_adv
images/196591_237252949_05aab5d33f_m.jpg,"['animal', 'grass']",asl_adv
images/104193_2558319628_d1d4059dfc_m.jpg,['person'],asl_adv
images/19253_222098178_48b5484efa_m.jpg,['person'],asl_adv
images/22773_2268836625_79349930d4_m.jpg,['person'],asl_adv
images/253880_168835842_42ab088a87_m.jpg,['person'],asl_adv
images/138919_2812705_9edc60c272_m.jpg,"['animal', 'person', 'tiger']",asl_adv
images/241237_2025748783_03f696f520_m.jpg,['person'],asl_adv
images/21909_453789498_700c750302_m.jpg,['person'],asl_adv
images/210361_1259119699_f17f453e74_m.jpg,['person'],asl_adv
images/176521_2230840156_57cce6eb9a_m.jpg,['person'],asl_adv
images/81158_294174223_766acb3f74_m.jpg,"['buildings', 'clouds', 'grass', 'house', 'plants', 'sky']",asl_adv
images/251932_979062482_26f2d3e54b_m.jpg,['person'],asl_adv
images/138112_2312341319_c0d298c5c7_m.jpg,['person'],asl_adv
images/1153_1186135478_3ddea0fdbc_m.jpg,"['clouds', 'sky']",asl_adv
images/46104_128193583_365626f39c_m.jpg,['person'],asl_adv
images/209016_428230889_3b3994a0b9_m.jpg,"['animal', 'birds']",asl_adv
images/101017_2245197182_6500a6f723_m.jpg,"['flowers', 'plants']",asl_adv
images/42711_405212796_ae1da11743_m.jpg,"['animal', 'cat', 'tiger']",asl_adv
images/127299_2129404175_630f7b5bf4_m.jpg,['person'],asl_adv
images/6158_2050199073_f230c5c812_m.jpg,"['animal', 'food']",asl_adv
images/239100_1608030916_e8c8a0fec3_m.jpg,['person'],asl_adv
images/30561_524777738_7640b5d1d0_m.jpg,"['animal', 'dog']",asl_adv
images/23832_614761192_62cce38842_m.jpg,"['animal', 'cat']",asl_adv
images/76153_2515947607_30dd82a92d_m.jpg,"['animal', 'birds', 'clouds', 'sky']",asl_adv
images/116609_2512360021_397489dcd2_m.jpg,"['animal', 'tiger']",asl_adv
images/114275_53461877_322de4c55c_m.jpg,"['animal', 'horses']",asl_adv
images/96541_2409522162_5e449bdd34_m.jpg,"['animal', 'bear']",asl_adv
images/109583_436540592_bbe31dc490_m.jpg,"['animal', 'birds', 'sky', 'sunset']",asl_adv
images/176293_899801426_2970b6e79c_m.jpg,['person'],asl_adv
images/157281_40440117_4521374442_m.jpg,"['animal', 'birds', 'sky']",asl_adv
images/101548_2477360776_f33fc99237_m.jpg,"['animal', 'bear']",asl_adv
images/244643_2123645237_04479cb621_m.jpg,['person'],asl_adv
images/47251_161319050_6562c3d5cf_m.jpg,['food'],asl_adv
images/169304_2075784300_496f7cd78a_m.jpg,"['person', 'police']",asl_adv
images/13249_164253922_aaf4c82462_m.jpg,"['animal', 'birds', 'water']",asl_adv
images/116579_2554838357_02df5a7760_m.jpg,"['animal', 'tiger']",asl_adv
images/207850_2732228007_6f270728ac_m.jpg,['person'],asl_adv
images/78632_209688435_e186f164ba_m.jpg,['person'],asl_adv
images/181754_66758092_983ebd1a84_m.jpg,['animal'],asl_adv
images/102309_1427358364_523bb01651_m.jpg,"['flowers', 'plants']",asl_adv
images/73553_2460904581_c4c203ce56_m.jpg,['person'],asl_adv
images/109724_133891593_342d68532d_m.jpg,['person'],asl_adv
images/21515_2130444056_ae00b815b6_m.jpg,"['animal', 'bear']",asl_adv
images/247509_2726965736_15afe0cdbb_m.jpg,['person'],asl_adv
images/21924_28041377_6da593783c_m.jpg,['person'],asl_adv
images/11742_505482339_c350ad3f9a_m.jpg,['person'],asl_adv
images/140178_2354936209_2c5a9a6cd3_m.jpg,"['animal', 'dog']",asl_adv
images/132598_2456452205_9eaf0fbff7_m.jpg,"['animal', 'cat']",asl_adv
images/72990_1295780857_269991b9c8_m.jpg,['person'],asl_adv
images/75816_1005673367_e6f0353018_m.jpg,"['animal', 'birds']",asl_adv
images/47158_268178297_6eeb5d87ce_m.jpg,['food'],asl_adv
images/181274_26062968_370f7f1b3f_m.jpg,['person'],asl_adv
images/95725_474010077_d6086f1d61_m.jpg,"['flowers', 'plants']",asl_adv
images/109440_307539161_48e88d6c7e_m.jpg,"['animal', 'birds', 'sky']",asl_adv
images/137446_227210824_f8a621bc44_m.jpg,['person'],asl_adv
images/142741_307111227_b9028f766c_m.jpg,['person'],asl_adv
images/117965_538326667_fd33922fef_m.jpg,['animal'],asl_adv
images/109226_412985843_98d0f8c097_m.jpg,['person'],asl_adv
images/252606_2256125428_0ce0aeb55d_m.jpg,['person'],asl_adv
images/165505_2371801451_37f8179dc8_m.jpg,['animal'],asl_adv
images/188657_115736892_b9b413ea68_m.jpg,['person'],asl_adv
images/116894_81149022_1941b7d4c1_m.jpg,"['animal', 'birds', 'clouds', 'sky']",asl_adv
images/152417_157900573_aefc8a6c30_m.jpg,"['animal', 'cat']",asl_adv
images/235189_411052112_383d56fa37_m.jpg,['person'],asl_adv
images/61144_112693948_6a1024042a_m.jpg,['person'],asl_adv
images/158753_528123369_a7a18a627b_m.jpg,"['animal', 'birds', 'grass']",asl_adv
images/53160_2382083553_03cff724bb_m.jpg,['animal'],asl_adv
images/247078_1099057241_5031010e0d_m.jpg,['person'],asl_adv
images/58026_2220251267_b53b5bfff2_m.jpg,['person'],asl_adv
images/109424_644531857_b9065afc1b_m.jpg,"['animal', 'birds', 'clouds', 'sky']",asl_adv
images/116835_2515713505_f0a43921fb_m.jpg,"['animal', 'birds']",asl_adv
images/142687_2383129794_83b4d9aebe_m.jpg,['food'],asl_adv
images/176621_372834517_95153f62ee_m.jpg,['person'],asl_adv
images/60448_153040917_67eefac67d_m.jpg,['person'],asl_adv
images/196059_2172730637_cec2af0b64_m.jpg,"['animal', 'birds']",asl_adv
images/256717_2572176925_363bf60ca0_m.jpg,['person'],asl_adv
images/2221_1359774068_a8a9118536_m.jpg,['person'],asl_adv
images/36960_1445339602_3e62c1eaed_m.jpg,['person'],asl_adv
images/245608_8665046_a9a5e971ba_m.jpg,['person'],asl_adv
images/234029_526704207_e2fe3e6b19_m.jpg,"['animal', 'birds']",asl_adv
images/122843_499334582_97e71710a0_m.jpg,['person'],asl_adv
images/55056_2500722180_5a241c21de_m.jpg,['person'],asl_adv
images/179835_2060247296_cf7f6e0454_m.jpg,['person'],asl_adv
images/179382_154520165_7cdb333579_m.jpg,['food'],asl_adv
images/42622_1461270302_7b460ef031_m.jpg,"['animal', 'cat']",asl_adv
images/201982_2287283564_81c84a83ec_m.jpg,['animal'],asl_adv
images/42631_2089547822_a386269373_m.jpg,"['animal', 'cat']",asl_adv
images/137151_68941350_10cbe60c54_m.jpg,['person'],asl_adv
images/6156_344184112_86301eec06_m.jpg,"['animal', 'cat']",asl_adv
images/226142_187457012_f81cfd24e0_m.jpg,['food'],asl_adv
images/13087_39743557_eb495800cd_m.jpg,['person'],asl_adv
images/88767_1720295479_8432a45feb_m.jpg,['person'],asl_adv
images/2108_577680683_4206351a6c_m.jpg,['person'],asl_adv
images/77296_137829272_40de8efe97_m.jpg,"['animal', 'grass']",asl_adv
images/22634_2561496269_519cc0a938_m.jpg,['person'],asl_adv
images/235719_2364160279_d297b55db8_m.jpg,"['animal', 'zebra']",asl_adv
images/116222_81399329_a2bc6c3ff0_m.jpg,['person'],asl_adv
images/5780_385650640_04f8406599_m.jpg,"['animal', 'cat']",asl_adv
images/235503_443491150_85b26199b6_m.jpg,"['animal', 'zebra']",asl_adv
images/64602_1453950853_fbf9e46392_m.jpg,['person'],asl_adv
images/80394_165961469_6674d6d6ea_m.jpg,['person'],asl_adv
images/104423_2565332194_68a5c0ff7f_m.jpg,['person'],asl_adv
images/167868_1310008388_d818f18438_m.jpg,['person'],asl_adv
images/103559_2437920839_54f2dcda56_m.jpg,"['animal', 'coral', 'fish', 'ocean', 'water']",asl_adv
images/238070_1620645589_d47a66fb56_m.jpg,['person'],asl_adv
images/178487_578071810_64f647a3c1_m.jpg,['animal'],asl_adv
images/77996_2335052597_3b4a45dd84_m.jpg,['person'],asl_adv
images/21814_2477942033_7d46c7fb92_m.jpg,"['animal', 'bear']",asl_adv
images/136590_124678362_8d96d2e870_m.jpg,['person'],asl_adv
images/21964_1356007876_00d8140778_m.jpg,['person'],asl_adv
images/81684_1485773438_173b3483c5_m.jpg,['person'],asl_adv
images/153668_58601376_7225919b78_m.jpg,['person'],asl_adv
images/25146_526445254_14e7392b20_m.jpg,"['animal', 'birds']",asl_adv
images/165411_1481401682_1e6dc9ae64_m.jpg,['animal'],asl_adv
images/14182_2655540967_280dbe6bab_m.jpg,['person'],asl_adv
images/63534_403166990_4921d27986_m.jpg,['person'],asl_adv
images/28857_1313067404_7491e9351e_m.jpg,"['person', 'wedding']",asl_adv
images/50_843145649_88c5c76043_m.jpg,['person'],asl_adv
images/256557_506084466_58753e63c7_m.jpg,['person'],asl_adv
images/224112_229754585_195b3c169f_m.jpg,"['animal', 'grass']",asl_adv
images/39770_2291112481_43f09a43a7_m.jpg,['person'],asl_adv
